,adjustPoints,autoCellPoints,autoCellsBottom,autoCellsInner,autoCellsOuter,autoInitLinePoints,autoPoints,controlPanelPoints,endgamePoints,endgameRobot1,endgameRobot2,endgameRobot3,endgameRungIsLevel,foulCount,foulPoints,initLineRobot1,initLineRobot2,initLineRobot3,rp,shieldEnergizedRankingPoint,shieldOperationalRankingPoint,stage1Activated,stage2Activated,stage3Activated,stage3TargetColor,tba_numRobotsHanging,tba_shieldEnergizedRankingPointFromFoul,techFoulCount,teleopCellPoints,teleopCellsBottom,teleopCellsInner,teleopCellsOuter,teleopPoints,totalPoints,alliance1,alliance2,alliance3,matchKey
0,0,30,1,0,7,15,45,0,35,Hang,Park,Park,NotLevel,0,0,Exited,Exited,Exited,0,False,False,True,False,False,Unknown,1,False,0,16,0,0,8,51,96,4728,5348,2526,2020mndu_f1m1
1,0,44,0,0,11,15,59,0,75,Hang,Hang,Hang,NotLevel,0,0,Exited,Exited,Exited,0,False,False,True,False,False,Unknown,3,False,0,16,0,0,8,91,150,167,1816,5464,2020mndu_f1m1
2,0,30,3,0,6,15,45,0,30,Hang,Park,None,NotLevel,0,0,Exited,Exited,Exited,0,False,False,True,False,False,Unknown,1,False,1,20,0,0,10,50,95,4728,5348,2526,2020mndu_f1m2
3,0,46,0,1,10,15,61,0,90,Hang,Hang,Hang,IsLevel,0,15,Exited,Exited,Exited,0,False,False,True,False,False,Unknown,3,False,0,16,0,0,8,106,182,167,1816,5464,2020mndu_f1m2
4,0,22,0,1,4,15,37,0,10,Park,None,Park,NotLevel,0,30,Exited,Exited,Exited,0,False,False,True,False,False,Unknown,0,False,0,28,1,3,9,38,105,3740,6045,4009,2020mndu_qf1m1
5,0,36,0,2,6,15,51,0,90,Hang,Hang,Hang,IsLevel,0,0,Exited,Exited,Exited,0,False,False,True,False,False,Unknown,3,False,2,24,0,2,9,114,165,167,1816,5464,2020mndu_qf1m1
6,0,24,0,2,3,15,39,0,35,Hang,Park,Park,NotLevel,1,0,Exited,Exited,Exited,0,False,False,True,False,False,Unknown,1,False,0,29,0,3,10,64,103,3740,6045,4009,2020mndu_qf1m2
7,0,38,0,1,8,15,53,0,55,Park,Hang,Hang,NotLevel,0,3,Exited,Exited,Exited,0,False,False,True,False,False,Unknown,2,False,0,15,0,1,6,70,126,167,1816,5464,2020mndu_qf1m2
8,0,10,3,0,1,10,20,0,30,None,Park,Hang,NotLevel,0,0,None,Exited,Exited,0,False,False,True,False,False,Unknown,1,False,0,9,9,0,0,39,59,2169,4741,2264,2020mndu_qf2m1
9,0,6,3,0,0,15,21,0,55,Hang,Hang,Park,NotLevel,0,0,Exited,Exited,Exited,0,False,False,True,False,False,Unknown,2,False,0,12,0,0,6,67,88,7797,5991,4511,2020mndu_qf2m1
10,0,16,3,1,1,15,31,0,65,None,Hang,Hang,IsLevel,0,0,Exited,Exited,Exited,0,False,False,True,False,False,Unknown,2,False,0,15,5,0,5,80,111,2169,4741,2264,2020mndu_qf2m2
11,0,6,3,0,0,10,16,0,90,Hang,Hang,Hang,IsLevel,0,0,Exited,Exited,None,0,False,False,False,False,False,Unknown,3,False,0,8,0,0,4,98,114,7797,5991,4511,2020mndu_qf2m2
12,0,16,0,2,1,15,31,0,55,Hang,Hang,Park,NotLevel,1,3,Exited,Exited,Exited,0,False,False,False,False,False,Unknown,2,False,1,11,0,1,4,66,100,3102,2861,4230,2020mndu_qf3m1
13,0,26,0,1,5,15,41,0,50,Hang,Hang,None,NotLevel,1,18,Exited,Exited,Exited,0,False,False,False,False,False,Unknown,2,False,0,4,0,0,2,54,113,5690,6022,6217,2020mndu_qf3m1
14,0,14,0,1,2,15,29,0,55,Park,Hang,Hang,NotLevel,0,33,Exited,Exited,Exited,0,False,False,True,False,False,Unknown,2,False,1,18,14,0,2,73,135,3102,2861,4230,2020mndu_qf3m2
15,0,26,0,1,5,15,41,0,90,Hang,Hang,Hang,IsLevel,1,15,Exited,Exited,Exited,0,False,False,True,False,False,Unknown,3,False,2,18,0,0,9,108,164,5690,6022,6217,2020mndu_qf3m2
16,0,22,3,0,4,15,37,0,50,Hang,Hang,None,NotLevel,0,0,Exited,Exited,Exited,0,False,False,True,False,False,Unknown,2,False,2,9,7,0,1,59,96,5576,3267,4674,2020mndu_qf4m1
17,0,28,1,1,5,15,43,0,75,Hang,Hang,Hang,NotLevel,0,30,Exited,Exited,Exited,0,False,False,True,False,False,Unknown,3,False,0,21,0,1,9,96,169,4728,5348,2526,2020mndu_qf4m1
18,0,22,3,0,4,15,37,0,90,Hang,Hang,Hang,IsLevel,0,3,Exited,Exited,Exited,0,False,False,True,False,False,Unknown,3,False,1,4,0,0,2,94,134,5576,3267,4674,2020mndu_qf4m2
19,0,34,0,1,7,15,49,0,90,Hang,Hang,Hang,IsLevel,1,15,Exited,Exited,Exited,0,False,False,True,False,False,Unknown,3,False,0,38,0,0,19,128,192,4728,5348,2526,2020mndu_qf4m2
20,0,44,0,2,8,15,59,0,10,Park,None,Park,NotLevel,0,15,Exited,Exited,Exited,2,False,False,True,False,False,Unknown,0,False,1,31,0,5,8,41,115,1816,6045,3102,2020mndu_qm1
21,0,4,0,0,1,10,14,0,10,Park,None,Park,NotLevel,0,15,Exited,None,Exited,0,False,False,False,False,False,Unknown,0,False,1,8,0,0,4,18,47,7068,4217,3275,2020mndu_qm1
22,0,6,3,0,0,10,16,0,65,None,Hang,Hang,IsLevel,0,0,None,Exited,Exited,1,False,True,True,False,False,Unknown,2,False,0,10,8,0,1,75,91,93,3267,6318,2020mndu_qm10
23,0,12,0,0,3,10,22,0,65,None,Hang,Hang,IsLevel,0,0,Exited,None,Exited,3,False,True,True,False,False,Unknown,2,False,0,24,0,2,9,89,111,4741,3740,5653,2020mndu_qm10
24,0,22,0,1,4,10,32,0,35,Hang,Park,Park,NotLevel,2,18,Exited,None,Exited,2,False,False,True,False,False,Unknown,1,False,0,11,0,1,4,46,96,5464,5542,3275,2020mndu_qm11
25,0,10,0,1,1,15,25,0,10,Park,Park,None,IsLevel,1,6,Exited,Exited,Exited,0,False,False,False,False,False,Unknown,0,False,1,13,0,1,5,23,54,3100,4511,7893,2020mndu_qm11
26,0,18,3,0,3,15,33,0,50,None,Hang,Hang,NotLevel,0,12,Exited,Exited,Exited,2,False,False,True,False,False,Unknown,2,False,1,27,17,0,5,77,122,6160,3122,3102,2020mndu_qm12
27,0,12,0,0,3,10,22,0,10,Park,None,Park,NotLevel,4,15,Exited,Exited,None,0,False,False,True,False,False,Unknown,0,False,0,17,2,1,6,27,64,2169,3291,5290,2020mndu_qm12
28,0,12,0,0,3,15,27,0,45,Park,Hang,None,IsLevel,0,45,Exited,Exited,Exited,2,False,False,False,False,False,Unknown,1,False,0,6,0,0,3,51,123,2175,3134,2177,2020mndu_qm13
29,0,14,0,1,2,15,29,0,15,Park,Park,Park,IsLevel,0,0,Exited,Exited,Exited,0,False,False,True,False,False,Unknown,0,False,3,14,0,0,7,29,58,4009,3754,4181,2020mndu_qm13
30,0,24,0,0,6,15,39,0,90,Hang,Hang,Hang,IsLevel,0,0,Exited,Exited,Exited,3,False,True,True,False,False,Unknown,3,False,0,6,0,0,3,96,135,1816,5826,2861,2020mndu_qm14
31,0,10,0,1,1,10,20,0,10,None,Park,Park,NotLevel,0,0,None,Exited,Exited,0,False,False,True,False,False,Unknown,0,False,0,24,4,0,10,34,54,8372,2526,5348,2020mndu_qm14
32,0,0,0,0,0,10,10,0,50,Park,Hang,Park,IsLevel,0,18,Exited,None,Exited,2,False,False,False,False,False,Unknown,1,False,2,11,1,0,5,61,89,4217,5991,5586,2020mndu_qm15
33,0,0,0,0,0,15,15,0,30,None,Hang,Park,NotLevel,1,30,Exited,Exited,Exited,0,False,False,False,False,False,Unknown,1,False,1,10,4,0,3,40,85,8416,7864,93,2020mndu_qm15
34,0,4,0,0,1,15,19,0,30,None,Hang,Park,NotLevel,1,3,Exited,Exited,Exited,2,False,False,True,False,False,Unknown,1,False,0,31,0,1,14,61,83,3100,7068,2503,2020mndu_qm16
35,0,12,0,0,3,15,27,0,10,Park,None,Park,NotLevel,1,3,Exited,Exited,Exited,0,False,False,True,False,False,Unknown,0,False,0,24,8,2,5,34,64,5653,5999,3294,2020mndu_qm16
36,0,0,0,0,0,10,10,0,50,Hang,None,Hang,NotLevel,0,18,Exited,None,Exited,2,False,False,True,False,False,Unknown,2,False,0,19,19,0,0,69,97,7041,5253,4230,2020mndu_qm17
37,0,10,0,1,1,15,25,0,35,Park,Hang,Park,NotLevel,1,0,Exited,Exited,Exited,0,False,False,True,False,False,Unknown,1,False,1,12,4,0,4,47,72,5576,6453,6146,2020mndu_qm17
38,0,10,3,0,1,15,25,0,50,None,Hang,Hang,NotLevel,0,0,Exited,Exited,Exited,2,False,False,True,False,False,Unknown,2,False,1,24,7,1,7,74,99,7893,6022,4741,2020mndu_qm18
39,0,6,3,0,0,15,21,0,35,Park,Park,Hang,NotLevel,0,15,Exited,Exited,Exited,0,False,False,True,False,False,Unknown,1,False,0,16,16,0,0,51,87,7797,4845,3755,2020mndu_qm18
40,0,22,3,0,4,15,37,0,55,Hang,Park,Hang,NotLevel,0,15,Exited,Exited,Exited,2,False,False,True,False,False,Unknown,2,False,1,37,7,2,12,92,144,3267,5690,6217,2020mndu_qm19
41,0,28,0,0,7,10,38,0,10,None,Park,Park,NotLevel,0,15,Exited,None,Exited,0,False,False,True,False,False,Unknown,0,False,1,49,0,5,17,59,112,5542,2264,2823,2020mndu_qm19
42,0,16,0,0,4,15,31,0,10,Park,None,Park,NotLevel,0,0,Exited,Exited,Exited,0,False,False,True,False,False,Unknown,0,False,0,10,0,0,5,20,51,2861,2177,2823,2020mndu_qm2
43,0,20,2,0,4,15,35,0,50,Hang,Hang,None,NotLevel,0,0,Exited,Exited,Exited,2,False,False,True,False,False,Unknown,2,False,0,38,8,4,9,88,123,4728,7797,4511,2020mndu_qm2
44,0,4,0,0,1,5,9,0,5,None,None,Park,IsLevel,0,0,None,Exited,None,0,False,False,False,False,False,Unknown,0,False,0,0,0,0,0,5,14,3058,4674,4238,2020mndu_qm20
45,0,4,0,0,1,10,14,0,65,Hang,Hang,None,IsLevel,0,0,Exited,Exited,None,3,False,True,False,False,False,Unknown,2,False,0,12,2,0,5,77,91,167,6318,6047,2020mndu_qm20
46,0,28,0,0,7,15,43,0,55,Park,Hang,Hang,NotLevel,1,0,Exited,Exited,Exited,2,False,False,True,False,False,Unknown,2,False,0,16,0,2,5,71,114,4728,4480,3740,2020mndu_qm21
47,0,20,0,0,5,10,30,0,10,None,Park,Park,NotLevel,0,3,Exited,None,Exited,0,False,False,True,False,False,Unknown,0,False,0,22,1,1,9,32,65,4166,6628,6045,2020mndu_qm21
48,0,12,0,0,3,10,22,0,65,Hang,Hang,None,IsLevel,0,15,Exited,Exited,None,3,False,True,False,False,False,Unknown,2,False,1,0,0,0,0,65,102,3102,3134,8372,2020mndu_qm22
49,0,20,0,0,5,10,30,0,10,Park,None,Park,NotLevel,0,15,Exited,None,Exited,0,False,False,True,False,False,Unknown,0,False,1,12,0,0,6,22,67,5653,3100,7041,2020mndu_qm22
50,0,20,0,0,5,15,35,0,90,Hang,Hang,Hang,IsLevel,1,30,Exited,Exited,Exited,3,False,True,True,False,False,Unknown,3,False,1,22,6,0,8,112,177,3294,1816,5576,2020mndu_qm23
51,0,12,0,0,3,15,27,0,35,Park,Hang,Park,NotLevel,0,18,Exited,Exited,Exited,0,False,False,False,False,False,Unknown,1,False,2,2,0,0,1,37,82,8416,5464,2177,2020mndu_qm23
52,0,12,0,0,3,15,27,0,10,Park,None,Park,NotLevel,0,18,Exited,Exited,Exited,0,False,False,False,False,False,Unknown,0,False,0,2,0,0,1,12,57,5826,7893,2175,2020mndu_qm24
53,0,26,3,0,5,15,41,0,55,Hang,Hang,Park,NotLevel,1,0,Exited,Exited,Exited,2,False,False,True,False,False,Unknown,2,False,1,7,1,0,3,62,103,2823,6160,6022,2020mndu_qm24
54,0,20,0,0,5,15,35,0,25,None,None,Hang,NotLevel,2,33,Exited,Exited,Exited,2,False,False,True,False,False,Unknown,1,False,0,43,5,6,10,68,136,2264,4674,4845,2020mndu_qm25
55,0,4,0,0,1,10,14,0,10,Park,None,Park,NotLevel,6,6,Exited,Exited,None,0,False,False,False,False,False,Unknown,0,False,1,8,0,0,4,18,38,5253,3275,5290,2020mndu_qm25
56,0,20,3,1,2,15,35,0,70,Park,Hang,Hang,IsLevel,0,3,Exited,Exited,Exited,3,False,True,True,False,False,Unknown,2,False,1,19,19,0,0,89,127,4230,6045,3755,2020mndu_qm26
57,0,12,0,0,3,15,27,0,45,None,Park,Hang,IsLevel,1,15,Exited,Exited,Exited,0,False,False,True,False,False,Unknown,1,False,0,22,0,4,5,67,109,5999,2169,5991,2020mndu_qm26
58,0,14,0,1,2,15,29,0,65,Hang,Hang,None,IsLevel,1,3,Exited,Exited,Exited,3,False,True,True,False,False,Unknown,2,False,0,25,9,0,8,90,122,7797,167,2526,2020mndu_qm27
59,0,0,0,0,0,5,5,0,45,Hang,None,Park,IsLevel,1,3,None,None,Exited,0,False,False,False,False,False,Unknown,1,False,0,5,5,0,0,50,58,3754,6047,5586,2020mndu_qm27
60,0,28,3,1,4,15,43,0,35,Hang,Park,Park,NotLevel,0,15,Exited,Exited,Exited,2,False,False,True,False,False,Unknown,1,False,0,25,14,1,4,60,118,5348,3122,3291,2020mndu_qm28
61,0,28,0,0,7,10,38,0,30,Hang,None,Park,NotLevel,0,0,Exited,None,Exited,0,False,False,True,False,False,Unknown,1,False,1,34,0,4,11,64,102,6217,3058,6628,2020mndu_qm28
62,0,20,0,0,5,15,35,0,35,Park,Park,Hang,NotLevel,0,0,Exited,Exited,Exited,2,False,False,True,False,False,Unknown,1,False,0,13,0,1,5,48,83,2503,2861,6146,2020mndu_qm29
63,0,10,0,1,1,15,25,0,10,Park,Park,None,IsLevel,0,0,Exited,Exited,Exited,0,False,False,False,False,False,Unknown,0,False,0,3,3,0,0,13,38,4166,5542,6318,2020mndu_qm29
64,0,6,3,0,0,10,16,0,35,Park,Park,Hang,NotLevel,0,3,Exited,None,Exited,0,False,False,True,False,False,Unknown,1,False,0,17,1,2,5,52,71,3755,4166,5826,2020mndu_qm3
65,0,24,0,0,6,10,34,0,35,Hang,Park,Park,NotLevel,1,0,Exited,None,Exited,2,False,False,True,False,False,Unknown,1,False,0,29,0,3,10,64,98,4009,2264,7864,2020mndu_qm3
66,0,18,0,3,0,15,33,0,10,None,Park,Park,NotLevel,0,0,Exited,Exited,Exited,0,False,False,False,False,False,Unknown,0,False,0,10,0,0,5,20,53,93,4238,4009,2020mndu_qm30
67,0,20,0,0,5,15,35,0,65,Hang,Hang,None,IsLevel,0,0,Exited,Exited,Exited,3,False,True,True,False,False,Unknown,2,False,0,46,0,2,20,111,146,4728,5690,7068,2020mndu_qm30
68,0,8,0,0,2,15,23,0,15,Park,Park,Park,NotLevel,1,0,Exited,Exited,Exited,0,False,False,True,False,False,Unknown,0,False,2,14,0,0,7,29,52,4480,4511,4217,2020mndu_qm31
69,0,10,5,0,0,15,25,0,5,None,None,Park,NotLevel,0,33,Exited,Exited,Exited,2,False,False,True,False,False,Unknown,0,False,0,27,27,0,0,32,90,3267,4741,6453,2020mndu_qm31
70,0,18,0,1,3,10,28,0,30,Hang,None,Park,NotLevel,0,15,Exited,None,Exited,2,False,False,True,False,False,Unknown,1,False,1,9,1,0,4,39,82,1816,6047,7864,2020mndu_qm32
71,0,12,0,0,3,15,27,0,10,Park,None,Park,IsLevel,0,15,Exited,Exited,Exited,0,False,False,False,False,False,Unknown,0,False,1,6,0,0,3,16,58,5253,4181,3740,2020mndu_qm32
72,0,6,3,0,0,15,21,0,65,Hang,None,Hang,IsLevel,0,0,Exited,Exited,Exited,1,False,True,True,False,False,Unknown,2,False,0,13,13,0,0,78,99,2526,2175,6160,2020mndu_qm33
73,0,4,0,0,1,15,19,0,90,Hang,Hang,Hang,IsLevel,0,0,Exited,Exited,Exited,3,False,True,True,False,False,Unknown,3,False,0,21,9,0,6,111,130,6628,3294,5991,2020mndu_qm33
74,0,0,0,0,0,5,5,0,35,Hang,Park,Park,NotLevel,0,0,None,None,Exited,0,False,False,True,False,False,Unknown,1,False,2,22,0,0,11,57,62,3754,5290,3058,2020mndu_qm34
75,0,0,0,0,0,10,10,0,50,Hang,None,Hang,NotLevel,0,30,Exited,None,Exited,2,False,False,True,False,False,Unknown,2,False,0,23,15,0,4,73,113,6022,2503,4230,2020mndu_qm34
76,0,20,0,0,5,15,35,0,70,Park,Hang,Hang,IsLevel,1,0,Exited,Exited,Exited,1,False,True,True,False,False,Unknown,2,False,0,31,3,0,14,101,136,2169,5576,7797,2020mndu_qm35
77,0,22,0,1,4,15,37,0,90,Hang,Hang,Hang,IsLevel,0,3,Exited,Exited,Exited,3,False,True,True,False,False,Unknown,3,False,0,23,0,1,10,113,153,5690,3275,5826,2020mndu_qm35
78,0,18,2,1,2,15,33,0,55,Park,Hang,Hang,NotLevel,0,0,Exited,Exited,Exited,2,False,False,True,False,False,Unknown,2,False,0,18,4,0,7,73,106,3291,7068,6453,2020mndu_qm36
79,0,8,0,0,2,15,23,0,35,Park,Park,Hang,NotLevel,0,0,Exited,Exited,Exited,0,False,False,False,False,False,Unknown,1,False,0,11,0,1,4,46,69,2177,5542,167,2020mndu_qm36
80,0,24,3,1,3,15,39,0,75,Hang,Hang,Hang,NotLevel,1,6,Exited,Exited,Exited,3,False,True,True,False,False,Unknown,3,False,0,33,7,0,13,108,153,4741,2264,5348,2020mndu_qm37
81,0,16,0,0,4,15,31,0,30,None,Hang,Park,NotLevel,2,3,Exited,Exited,Exited,0,False,False,True,False,False,Unknown,1,False,0,30,0,2,12,60,94,8416,3102,4728,2020mndu_qm37
82,0,8,0,0,2,15,23,0,45,Hang,None,Park,IsLevel,4,3,Exited,Exited,Exited,0,False,False,False,False,False,Unknown,1,False,0,8,0,0,4,53,79,4480,5653,6318,2020mndu_qm38
83,0,28,0,2,4,15,43,0,35,Park,Hang,Park,NotLevel,1,12,Exited,Exited,Exited,2,False,False,True,False,False,Unknown,1,False,0,39,0,3,15,74,129,2823,4009,7041,2020mndu_qm38
84,0,10,3,0,1,15,25,0,55,Hang,Park,Hang,NotLevel,2,3,Exited,Exited,Exited,2,False,False,True,False,False,Unknown,2,False,0,19,9,0,5,74,102,3267,4511,4238,2020mndu_qm39
85,0,4,2,0,0,15,19,0,10,Park,Park,None,IsLevel,1,6,Exited,Exited,Exited,0,False,False,True,False,False,Unknown,0,False,0,7,7,0,0,17,42,5999,4166,5586,2020mndu_qm39
86,0,12,0,0,3,10,22,0,10,Park,None,Park,NotLevel,0,3,None,Exited,Exited,0,False,False,True,False,False,Unknown,0,False,2,26,0,0,13,36,61,8416,2169,3754,2020mndu_qm4
87,0,20,0,0,5,15,35,0,65,Hang,None,Hang,IsLevel,1,30,Exited,Exited,Exited,3,False,True,False,False,False,Unknown,2,False,0,4,2,0,1,69,134,6146,4674,6628,2020mndu_qm4
88,0,0,0,0,0,15,15,0,30,Hang,None,Park,NotLevel,0,30,Exited,Exited,Exited,2,False,False,False,False,False,Unknown,1,False,1,7,3,0,2,37,82,4845,8372,6146,2020mndu_qm40
89,0,12,0,0,3,15,27,0,30,Hang,Park,None,NotLevel,0,15,Exited,Exited,Exited,0,False,False,False,False,False,Unknown,1,False,2,6,0,0,3,36,78,5464,4217,4181,2020mndu_qm40
90,0,16,2,0,3,15,31,0,15,Park,Park,Park,NotLevel,0,18,Exited,Exited,Exited,0,False,False,True,False,False,Unknown,0,False,0,14,5,1,3,29,78,3740,3755,6217,2020mndu_qm41
91,0,20,0,0,5,15,35,0,50,Hang,None,Hang,NotLevel,1,0,Exited,Exited,Exited,2,False,False,True,False,False,Unknown,2,False,1,11,1,0,5,61,96,4674,3100,2861,2020mndu_qm41
92,0,20,0,0,5,15,35,0,15,Park,Park,Park,NotLevel,1,0,Exited,Exited,Exited,0,False,False,True,False,False,Unknown,0,False,0,22,0,0,11,37,72,7864,6045,3134,2020mndu_qm42
93,0,6,3,0,0,10,16,0,45,Hang,None,Park,IsLevel,0,3,Exited,None,Exited,2,False,False,True,False,False,Unknown,1,False,0,24,4,0,10,69,88,3122,93,7893,2020mndu_qm42
94,0,16,0,0,4,15,31,0,35,Hang,Park,Park,NotLevel,0,3,Exited,Exited,Exited,0,False,False,True,False,False,Unknown,1,False,0,45,0,3,18,80,114,5653,6628,5690,2020mndu_qm43
95,0,20,0,0,5,15,35,0,65,Hang,None,Hang,IsLevel,1,0,Exited,Exited,Exited,3,False,True,True,False,False,Unknown,2,False,0,47,0,3,19,112,147,167,6022,1816,2020mndu_qm43
96,0,12,0,0,3,15,27,0,30,Park,None,Hang,NotLevel,0,15,Exited,Exited,Exited,2,False,False,True,False,False,Unknown,1,False,0,18,0,0,9,48,90,3754,5253,5991,2020mndu_qm44
97,0,36,0,2,6,15,51,0,10,Park,None,Park,NotLevel,0,0,Exited,Exited,Exited,0,False,False,True,False,False,Unknown,0,False,1,10,0,0,5,20,71,7068,5826,4511,2020mndu_qm44
98,0,6,3,0,0,15,21,0,35,Park,Park,Hang,NotLevel,0,15,Exited,Exited,Exited,2,False,False,True,False,False,Unknown,1,False,0,11,11,0,0,46,82,7797,4166,7041,2020mndu_qm45
99,0,18,3,0,3,15,33,0,30,Hang,None,Park,NotLevel,0,0,Exited,Exited,Exited,0,False,False,True,False,False,Unknown,1,False,1,9,9,0,0,39,72,6160,3058,4217,2020mndu_qm45
100,0,4,0,0,1,15,19,0,45,Hang,None,Park,IsLevel,0,0,Exited,Exited,Exited,0,False,False,False,False,False,Unknown,1,False,4,7,3,0,2,52,71,6318,4845,3100,2020mndu_qm46
101,0,0,0,0,0,15,15,0,35,Park,Park,Hang,NotLevel,0,60,Exited,Exited,Exited,2,False,False,False,False,False,Unknown,1,False,0,6,6,0,0,41,116,2175,8416,3267,2020mndu_qm46
102,0,16,0,0,4,15,31,0,50,Park,Hang,Park,IsLevel,4,0,Exited,Exited,Exited,2,False,False,True,False,False,Unknown,1,False,1,12,0,0,6,62,93,3740,5348,7864,2020mndu_qm47
103,0,18,0,1,3,15,33,0,5,Park,None,None,IsLevel,0,27,Exited,Exited,Exited,0,False,False,True,False,False,Unknown,0,False,0,15,3,0,6,20,80,3294,3134,2169,2020mndu_qm47
104,0,18,3,0,3,15,33,0,65,Hang,None,Hang,IsLevel,0,15,Exited,Exited,Exited,3,False,True,True,False,False,Unknown,2,False,1,30,2,4,8,95,143,2177,3122,6045,2020mndu_qm48
105,0,8,0,0,2,15,23,0,15,Park,Park,Park,IsLevel,0,15,Exited,Exited,Exited,0,False,False,True,False,False,Unknown,0,False,1,21,6,1,6,36,74,2526,2861,2264,2020mndu_qm48
106,0,22,0,1,4,10,32,0,70,Park,Hang,Hang,IsLevel,1,0,None,Exited,Exited,1,False,True,True,False,False,Unknown,2,False,0,14,0,2,4,84,116,5290,6217,5464,2020mndu_qm49
107,0,22,2,3,0,15,37,0,50,Hang,None,Hang,NotLevel,0,3,Exited,Exited,Exited,2,False,False,True,False,False,Unknown,2,False,0,37,12,3,8,87,127,6453,5999,4009,2020mndu_qm49
108,0,0,0,0,0,10,10,0,65,None,Hang,Hang,IsLevel,0,15,None,Exited,Exited,3,False,True,False,False,False,Unknown,2,False,0,4,0,0,2,69,94,4238,7041,6022,2020mndu_qm5
109,0,12,0,0,3,10,22,0,35,Park,Park,Hang,NotLevel,0,0,None,Exited,Exited,0,False,False,True,False,False,Unknown,1,False,1,13,1,0,6,48,70,5991,3291,5464,2020mndu_qm5
110,0,0,0,0,0,10,10,0,45,None,Park,Hang,IsLevel,0,0,None,Exited,Exited,0,False,False,False,False,False,Unknown,1,False,0,2,0,0,1,47,57,6047,93,4480,2020mndu_qm50
111,0,24,1,1,4,15,39,0,10,Park,None,Park,NotLevel,0,0,Exited,Exited,Exited,2,False,False,True,False,False,Unknown,0,False,0,14,4,0,5,24,63,3102,3755,5542,2020mndu_qm50
112,0,8,0,0,2,15,23,0,5,Park,None,None,IsLevel,0,9,Exited,Exited,Exited,0,False,False,True,False,False,Unknown,0,False,0,20,0,0,10,25,57,8372,4728,7893,2020mndu_qm51
113,0,18,3,0,3,15,33,0,25,None,Hang,None,NotLevel,3,0,Exited,Exited,Exited,2,False,False,True,False,False,Unknown,1,False,0,18,0,2,6,43,76,3291,5576,4674,2020mndu_qm51
114,0,30,3,0,6,15,45,0,55,Hang,Park,Hang,NotLevel,1,0,Exited,Exited,Exited,2,False,False,True,False,False,Unknown,2,False,0,34,6,6,5,89,134,2823,6146,4741,2020mndu_qm52
115,0,26,0,1,5,15,41,0,50,Park,Hang,Park,IsLevel,0,3,Exited,Exited,Exited,0,False,False,True,False,False,Unknown,1,False,0,9,2,1,2,59,103,5586,3275,2503,2020mndu_qm52
116,0,8,0,0,2,10,18,0,50,None,Hang,Hang,NotLevel,0,0,None,Exited,Exited,0,False,False,True,False,False,Unknown,2,False,0,31,15,0,8,81,99,4181,4230,2264,2020mndu_qm53
117,0,16,3,1,1,15,31,0,65,None,Hang,Hang,IsLevel,0,0,Exited,Exited,Exited,3,False,True,True,False,False,Unknown,2,False,0,11,7,0,2,76,107,4238,5348,6160,2020mndu_qm53
118,0,32,0,2,5,10,42,0,65,Hang,None,Hang,IsLevel,1,30,Exited,None,Exited,3,False,True,True,False,False,Unknown,2,False,0,44,0,8,10,109,181,6022,2169,4009,2020mndu_qm54
119,0,20,0,0,5,15,35,0,10,None,Park,Park,IsLevel,5,3,Exited,Exited,Exited,0,False,False,True,False,False,Unknown,0,False,1,26,3,1,10,36,74,3100,5253,2526,2020mndu_qm54
120,0,8,2,0,1,15,23,0,65,Hang,Hang,None,IsLevel,0,15,Exited,Exited,Exited,3,False,True,True,False,False,Unknown,2,False,1,18,1,3,4,83,121,7041,167,5999,2020mndu_qm55
121,0,16,0,2,1,10,26,0,65,Hang,Hang,None,IsLevel,0,15,Exited,None,Exited,1,False,True,False,False,False,Unknown,2,False,1,8,0,0,4,73,114,5826,3740,93,2020mndu_qm55
122,0,30,3,0,6,15,45,0,65,Hang,None,Hang,IsLevel,0,0,Exited,Exited,Exited,3,False,True,True,False,False,Unknown,2,False,0,20,5,1,6,85,130,3755,5464,5690,2020mndu_qm56
123,0,14,0,1,2,15,29,0,70,Hang,Hang,Park,IsLevel,0,0,Exited,Exited,Exited,1,False,True,True,False,False,Unknown,2,False,0,20,0,0,10,90,119,6318,3102,3754,2020mndu_qm56
124,0,18,3,0,3,10,28,0,65,None,Hang,Hang,IsLevel,0,0,None,Exited,Exited,3,False,True,True,False,False,Unknown,2,False,1,30,9,1,9,95,123,6047,4728,3122,2020mndu_qm57
125,0,4,0,0,1,15,19,0,15,Park,Park,Park,NotLevel,0,15,Exited,Exited,Exited,0,False,False,True,False,False,Unknown,0,False,0,23,6,1,7,38,72,6146,4217,3294,2020mndu_qm57
126,0,24,0,0,6,15,39,0,30,Hang,Park,None,NotLevel,0,0,Exited,Exited,Exited,0,False,False,True,False,False,Unknown,1,False,0,15,0,1,6,45,84,7864,2177,5653,2020mndu_qm58
127,0,22,0,1,4,15,37,0,65,Hang,Hang,None,IsLevel,0,0,Exited,Exited,Exited,3,False,True,True,False,False,Unknown,2,False,0,15,0,1,6,80,117,4238,6217,3275,2020mndu_qm58
128,0,26,0,1,5,15,41,0,70,Park,Hang,Hang,IsLevel,0,0,Exited,Exited,Exited,3,False,True,True,False,False,Unknown,2,False,1,21,0,1,9,91,132,5586,7068,5576,2020mndu_qm59
129,0,0,0,0,0,15,15,0,90,Hang,Hang,Hang,IsLevel,0,15,Exited,Exited,Exited,1,False,True,False,False,False,Unknown,3,False,0,5,5,0,0,95,125,2861,4845,4480,2020mndu_qm59
130,0,6,3,0,0,15,21,0,30,None,Park,Hang,NotLevel,0,30,Exited,Exited,Exited,0,False,False,True,False,False,Unknown,1,False,1,16,16,0,0,46,97,5586,6160,3294,2020mndu_qm6
131,0,12,2,0,2,15,27,0,70,Hang,Hang,Park,IsLevel,0,15,Exited,Exited,Exited,3,False,True,True,False,False,Unknown,2,False,2,30,8,0,11,100,142,5690,6453,5253,2020mndu_qm6
132,0,14,3,0,2,15,29,0,15,Park,Park,Park,NotLevel,0,15,Exited,Exited,Exited,0,False,False,True,False,False,Unknown,0,False,0,22,6,0,8,37,81,2503,7797,4674,2020mndu_qm60
133,0,28,0,2,4,15,43,0,55,Hang,Hang,Park,NotLevel,0,0,Exited,Exited,Exited,2,False,False,True,False,False,Unknown,2,False,1,36,8,2,11,91,134,6045,6453,2175,2020mndu_qm60
134,0,20,0,0,5,15,35,0,5,None,Park,None,NotLevel,0,0,Exited,Exited,Exited,0,False,False,True,False,False,Unknown,0,False,1,22,0,0,11,27,62,5290,7893,6628,2020mndu_qm61
135,0,6,3,0,0,10,16,0,65,None,Hang,Hang,IsLevel,0,15,None,Exited,Exited,3,False,True,True,False,False,Unknown,2,False,0,27,10,1,7,92,123,4181,5991,3267,2020mndu_qm61
136,0,8,2,0,1,15,23,0,55,Hang,Hang,Park,NotLevel,0,3,Exited,Exited,Exited,0,False,False,True,False,False,Unknown,2,False,0,32,26,0,3,87,113,4230,4741,5542,2020mndu_qm62
137,0,22,0,1,4,15,37,0,65,Hang,Hang,None,IsLevel,1,0,Exited,Exited,Exited,3,False,True,True,False,False,Unknown,2,False,0,23,1,2,8,88,125,3134,1816,4166,2020mndu_qm62
138,0,8,0,0,2,15,23,0,70,Hang,Hang,Park,IsLevel,2,0,Exited,Exited,Exited,3,False,True,False,False,False,Unknown,2,False,0,8,0,2,1,78,101,4511,2823,8416,2020mndu_qm63
139,0,16,2,0,3,15,31,0,35,Park,Park,Hang,NotLevel,0,6,Exited,Exited,Exited,0,False,False,True,False,False,Unknown,1,False,0,12,2,0,5,47,84,3058,3291,8372,2020mndu_qm63
140,0,14,0,1,2,10,24,0,30,Park,Hang,None,NotLevel,1,0,Exited,Exited,None,0,False,False,True,False,False,Unknown,1,False,0,12,2,0,5,42,66,2177,5576,6047,2020mndu_qm64
141,0,20,0,2,2,15,35,0,90,Hang,Hang,Hang,IsLevel,0,3,Exited,Exited,Exited,3,False,True,True,False,False,Unknown,3,False,0,15,0,1,6,105,143,5348,6318,6022,2020mndu_qm64
142,0,26,3,0,5,15,41,0,55,Hang,Park,Hang,NotLevel,0,45,Exited,Exited,Exited,2,False,False,True,False,False,Unknown,2,False,3,14,5,1,3,69,155,3275,4728,6160,2020mndu_qm65
143,0,8,0,0,2,15,23,0,30,Park,Hang,None,NotLevel,0,45,Exited,Exited,Exited,0,False,False,False,False,False,Unknown,1,False,3,3,1,0,1,33,101,4480,3754,5999,2020mndu_qm65
144,0,2,1,0,0,10,12,0,30,None,Park,Hang,NotLevel,1,0,None,Exited,Exited,0,False,False,True,False,False,Unknown,1,False,0,14,8,0,3,44,56,7864,5464,2526,2020mndu_qm66
145,0,14,0,1,2,10,24,0,10,None,Park,Park,NotLevel,0,3,None,Exited,Exited,2,False,False,True,False,False,Unknown,0,False,0,27,12,1,6,37,64,4674,3267,7068,2020mndu_qm66
146,0,22,3,2,1,15,37,0,70,Hang,Hang,Park,IsLevel,0,18,Exited,Exited,Exited,3,False,True,True,False,False,Unknown,2,False,1,19,0,3,5,89,144,5991,4009,7797,2020mndu_qm67
147,0,30,0,1,6,15,45,0,30,Hang,None,Park,NotLevel,1,15,Exited,Exited,Exited,0,False,False,True,False,False,Unknown,1,False,1,34,0,0,17,64,124,2264,6146,1816,2020mndu_qm67
148,0,12,0,0,3,15,27,0,30,None,Hang,Park,NotLevel,0,0,Exited,Exited,Exited,2,False,False,True,False,False,Unknown,1,False,1,24,0,0,12,54,81,4181,8416,3100,2020mndu_qm68
149,0,14,3,0,2,15,29,0,15,Park,Park,Park,NotLevel,0,15,Exited,Exited,Exited,0,False,False,True,False,False,Unknown,0,False,0,17,9,0,4,32,76,3122,2503,5826,2020mndu_qm68
150,0,12,0,0,3,15,27,0,10,Park,Park,None,NotLevel,0,6,Exited,Exited,Exited,0,False,False,True,False,False,Unknown,0,False,0,13,3,0,5,23,56,5253,3755,4217,2020mndu_qm69
151,0,20,0,0,5,15,35,0,55,Hang,Hang,Park,NotLevel,2,0,Exited,Exited,Exited,2,False,False,True,False,False,Unknown,2,False,0,23,0,1,10,78,113,3134,2823,167,2020mndu_qm69
152,0,16,0,0,4,10,26,0,10,Park,None,Park,NotLevel,0,15,Exited,Exited,None,0,False,False,True,False,False,Unknown,0,False,2,20,10,0,5,30,71,3122,167,5290,2020mndu_qm7
153,0,26,0,1,5,15,41,0,15,Park,Park,Park,IsLevel,0,30,Exited,Exited,Exited,2,False,False,True,False,False,Unknown,0,False,1,18,0,2,6,33,104,5348,4480,2175,2020mndu_qm7
154,0,8,0,0,2,15,23,0,10,Park,None,Park,IsLevel,0,0,Exited,Exited,Exited,2,False,False,True,False,False,Unknown,0,False,0,18,1,1,7,28,51,5653,93,3291,2020mndu_qm70
155,0,0,0,0,0,15,15,0,10,None,Park,Park,IsLevel,0,0,Exited,Exited,Exited,0,False,False,True,False,False,Unknown,0,False,0,22,2,0,10,32,47,4845,2175,4166,2020mndu_qm70
156,0,22,0,1,4,15,37,0,35,Hang,Park,Park,NotLevel,1,0,Exited,Exited,Exited,0,False,False,True,False,False,Unknown,1,False,0,17,0,1,7,52,89,5690,7041,2169,2020mndu_qm71
157,0,28,3,1,4,15,43,0,90,Hang,Hang,Hang,IsLevel,0,3,Exited,Exited,Exited,3,False,True,True,False,False,Unknown,3,False,0,10,4,0,3,100,146,4741,6217,4511,2020mndu_qm71
158,0,0,0,0,0,15,15,0,35,Hang,Park,Park,NotLevel,0,18,Exited,Exited,Exited,0,False,False,False,False,False,Unknown,1,False,2,2,2,0,0,37,70,3294,8372,4238,2020mndu_qm72
159,0,20,0,2,2,15,35,0,50,Hang,None,Hang,NotLevel,1,30,Exited,Exited,Exited,2,False,False,False,False,False,Unknown,2,False,1,6,0,0,3,56,121,6045,5290,5542,2020mndu_qm72
160,0,24,0,2,3,15,39,0,15,Park,Park,Park,NotLevel,1,0,Exited,Exited,Exited,0,False,False,True,False,False,Unknown,0,False,2,15,6,1,3,30,69,7893,3102,6453,2020mndu_qm73
161,0,12,0,0,3,15,27,0,70,Hang,Hang,Park,IsLevel,0,33,Exited,Exited,Exited,3,False,True,True,False,False,Unknown,2,False,0,15,2,1,5,85,145,2861,3740,3058,2020mndu_qm73
162,0,8,0,0,2,15,23,0,65,Hang,None,Hang,IsLevel,3,30,Exited,Exited,Exited,3,False,True,False,False,False,Unknown,2,False,0,5,2,1,0,70,123,6318,5586,2264,2020mndu_qm74
163,0,12,0,0,3,10,22,0,50,Park,Hang,Park,IsLevel,0,9,None,Exited,Exited,0,False,False,True,False,False,Unknown,1,False,2,31,15,0,8,81,112,6628,4230,7068,2020mndu_qm74
164,0,8,0,0,2,15,23,0,90,Hang,Hang,Hang,IsLevel,0,0,Exited,Exited,Exited,3,False,True,True,False,False,Unknown,3,False,0,24,0,0,12,114,137,5991,3134,4674,2020mndu_qm75
165,0,12,0,0,3,10,22,0,90,Hang,Hang,Hang,IsLevel,0,0,None,Exited,Exited,1,False,True,False,False,False,Unknown,3,False,0,11,0,1,4,101,123,2503,4480,2177,2020mndu_qm75
166,0,20,3,1,2,15,35,0,30,Hang,Park,None,NotLevel,0,15,Exited,Exited,Exited,0,False,False,True,False,False,Unknown,1,False,1,16,4,0,6,46,96,5576,4741,3100,2020mndu_qm76
167,0,30,3,0,6,15,45,0,65,Hang,None,Hang,IsLevel,0,15,Exited,Exited,Exited,3,False,True,True,False,False,Unknown,2,False,1,20,2,2,6,85,145,6160,7864,167,2020mndu_qm76
168,0,8,0,0,2,15,23,0,30,Park,Hang,None,NotLevel,0,15,Exited,Exited,Exited,0,False,False,True,False,False,Unknown,1,False,2,11,5,0,3,41,79,6022,5253,4166,2020mndu_qm77
169,0,18,0,1,3,10,28,0,15,Park,Park,Park,NotLevel,0,30,None,Exited,Exited,2,False,False,True,False,False,Unknown,0,False,1,16,0,2,5,31,89,6045,6217,8416,2020mndu_qm77
170,0,4,0,0,1,15,19,0,30,None,Hang,Park,NotLevel,0,0,Exited,Exited,Exited,0,False,False,True,False,False,Unknown,1,False,0,19,0,1,8,49,68,4217,3754,5690,2020mndu_qm78
171,0,14,0,1,2,15,29,0,40,None,None,Hang,IsLevel,0,0,Exited,Exited,Exited,2,False,False,True,False,False,Unknown,1,False,0,29,0,1,13,69,98,5999,7893,5348,2020mndu_qm78
172,0,16,0,0,4,15,31,0,65,Hang,None,Hang,IsLevel,1,0,Exited,Exited,Exited,3,False,True,True,False,False,Unknown,2,False,1,25,4,1,9,90,121,6453,4181,4728,2020mndu_qm79
173,0,16,0,0,4,15,31,0,30,None,Hang,Park,NotLevel,0,18,Exited,Exited,Exited,0,False,False,True,False,False,Unknown,1,False,0,21,3,0,9,51,100,2169,5653,3755,2020mndu_qm79
174,0,0,0,0,0,15,15,0,5,Park,None,None,IsLevel,4,0,Exited,Exited,Exited,0,False,False,False,False,False,Unknown,0,False,0,1,1,0,0,6,21,3134,5999,4181,2020mndu_qm8
175,0,20,0,0,5,10,30,0,40,None,None,Hang,IsLevel,0,12,Exited,None,Exited,2,False,False,True,False,False,Unknown,1,False,0,26,2,0,12,66,108,3058,2526,5576,2020mndu_qm8
176,0,16,1,1,2,15,31,0,5,None,Park,None,NotLevel,0,3,Exited,Exited,Exited,0,False,False,True,False,False,Unknown,0,False,0,25,0,1,11,30,64,6628,2526,2823,2020mndu_qm80
177,0,0,0,0,0,15,15,0,50,Park,Park,Hang,IsLevel,1,0,Exited,Exited,Exited,2,False,False,False,False,False,Unknown,1,False,0,7,5,0,1,57,72,3102,4238,4845,2020mndu_qm80
178,0,16,0,0,4,15,31,0,70,Hang,Hang,Park,IsLevel,0,0,Exited,Exited,Exited,3,False,True,True,False,False,Unknown,2,False,0,40,0,2,17,110,141,4511,1816,3058,2020mndu_qm81
179,0,8,0,0,2,15,23,0,65,Hang,Hang,None,IsLevel,0,0,Exited,Exited,Exited,1,False,True,True,False,False,Unknown,2,False,0,16,0,2,5,81,104,6146,5290,93,2020mndu_qm81
180,0,6,3,0,0,15,21,0,70,Hang,Hang,Park,IsLevel,1,0,Exited,Exited,Exited,1,False,True,True,False,False,Unknown,2,False,1,8,8,0,0,78,99,3267,3294,3291,2020mndu_qm82
181,0,18,3,0,3,15,33,0,35,Park,Hang,Park,NotLevel,0,18,Exited,Exited,Exited,2,False,False,True,False,False,Unknown,1,False,0,15,15,0,0,50,101,5826,4230,7797,2020mndu_qm82
182,0,0,0,0,0,10,10,0,15,Park,Park,Park,NotLevel,0,0,None,Exited,Exited,0,False,False,False,False,False,Unknown,0,False,1,6,1,1,1,21,31,5542,5586,8372,2020mndu_qm83
183,0,22,3,2,1,10,32,0,50,Park,Hang,Park,IsLevel,0,15,None,Exited,Exited,2,False,False,True,False,False,Unknown,1,False,0,25,0,1,11,75,122,3740,4009,3122,2020mndu_qm83
184,0,16,0,0,4,15,31,0,65,Hang,None,Hang,IsLevel,0,30,Exited,Exited,Exited,3,False,True,True,False,False,Unknown,2,False,0,20,0,0,10,85,146,3275,2175,2861,2020mndu_qm84
185,0,0,0,0,0,10,10,0,65,Hang,None,Hang,IsLevel,0,0,Exited,None,Exited,1,False,True,False,False,False,Unknown,2,False,2,14,2,0,6,79,89,7041,6047,5464,2020mndu_qm84
186,0,12,0,0,3,10,22,0,45,Park,Hang,None,IsLevel,1,0,Exited,Exited,None,2,False,False,True,False,False,Unknown,1,False,0,38,0,4,13,83,105,2264,2177,2169,2020mndu_qm85
187,0,12,0,0,3,15,27,0,30,None,Park,Hang,NotLevel,0,3,Exited,Exited,Exited,0,False,False,False,False,False,Unknown,1,False,0,6,0,0,3,36,66,4217,7893,2503,2020mndu_qm85
188,0,32,0,2,5,15,47,0,50,Hang,Hang,None,NotLevel,0,0,Exited,Exited,Exited,2,False,False,True,False,False,Unknown,2,False,0,19,0,1,8,69,116,4511,5348,6045,2020mndu_qm86
189,0,6,3,0,0,15,21,0,75,Hang,Hang,Hang,NotLevel,0,0,Exited,Exited,Exited,1,False,True,True,False,False,Unknown,3,False,0,11,7,0,2,86,107,4845,6160,5653,2020mndu_qm86
190,0,14,0,1,2,15,29,0,45,Park,Hang,None,IsLevel,0,0,Exited,Exited,Exited,0,False,False,True,False,False,Unknown,1,False,0,9,9,0,0,54,83,4166,3294,4181,2020mndu_qm87
191,0,28,0,2,4,15,43,0,30,Hang,None,Park,NotLevel,0,0,Exited,Exited,Exited,2,False,False,True,False,False,Unknown,1,False,0,30,0,2,12,60,103,4674,6022,3102,2020mndu_qm87
192,0,4,0,0,1,10,14,0,50,Park,Hang,Park,IsLevel,0,0,None,Exited,Exited,0,False,False,False,False,False,Unknown,1,False,0,10,2,0,4,60,74,6628,6318,5999,2020mndu_qm88
193,0,18,3,0,3,15,33,0,70,Hang,Park,Hang,IsLevel,0,0,Exited,Exited,Exited,3,False,True,True,False,False,Unknown,2,False,0,5,5,0,0,75,108,8372,7797,7864,2020mndu_qm88
194,0,26,0,1,5,15,41,0,55,Park,Hang,Hang,NotLevel,0,18,Exited,Exited,Exited,2,False,False,True,False,False,Unknown,2,False,1,13,0,1,5,68,127,5464,5826,3134,2020mndu_qm89
195,0,22,0,1,4,15,37,0,30,Park,None,Hang,NotLevel,1,15,Exited,Exited,Exited,0,False,False,True,False,False,Unknown,1,False,1,22,1,1,9,52,104,6217,5586,4728,2020mndu_qm89
196,0,8,0,0,2,15,23,0,35,Park,Park,Hang,NotLevel,0,30,Exited,Exited,Exited,2,False,False,True,False,False,Unknown,1,False,0,19,6,1,5,54,107,6217,2503,4845,2020mndu_qm9
197,0,0,0,0,0,5,5,0,10,Park,Park,None,IsLevel,0,0,Exited,None,None,0,False,False,True,False,False,Unknown,0,False,2,20,20,0,0,30,35,4230,8372,6047,2020mndu_qm9
198,0,38,0,3,5,15,53,0,55,Hang,Hang,Park,NotLevel,1,3,Exited,Exited,Exited,0,False,False,True,False,False,Unknown,2,False,1,12,0,0,6,67,123,3275,4009,167,2020mndu_qm90
199,0,0,0,0,0,15,15,0,90,Hang,Hang,Hang,IsLevel,1,18,Exited,Exited,Exited,3,False,True,True,False,False,Unknown,3,False,0,17,17,0,0,107,140,2861,8416,4230,2020mndu_qm90
200,0,30,0,1,6,15,45,0,35,Hang,Park,Park,NotLevel,0,0,Exited,Exited,Exited,0,False,False,True,False,False,Unknown,1,False,0,26,0,0,13,61,106,5542,3058,5253,2020mndu_qm91
201,0,6,3,0,0,15,21,0,90,Hang,Hang,Hang,IsLevel,0,0,Exited,Exited,Exited,3,False,True,True,False,False,Unknown,3,False,0,40,4,0,18,130,151,2175,5991,4741,2020mndu_qm91
202,0,0,0,0,0,15,15,0,90,Hang,Hang,Hang,IsLevel,2,15,Exited,Exited,Exited,3,False,True,False,False,False,Unknown,3,False,0,6,6,0,0,96,126,5576,7041,3267,2020mndu_qm92
203,0,6,3,0,0,15,21,0,30,Park,None,Hang,NotLevel,0,6,Exited,Exited,Exited,0,False,False,True,False,False,Unknown,1,False,1,13,13,0,0,43,70,3755,4238,3122,2020mndu_qm92
204,0,8,2,0,1,15,23,0,90,Hang,Hang,Hang,IsLevel,2,0,Exited,Exited,Exited,3,False,True,True,False,False,Unknown,3,False,1,11,3,0,4,101,124,2526,6146,3740,2020mndu_qm93
205,0,22,1,0,5,15,37,0,50,None,Hang,Hang,NotLevel,0,21,Exited,Exited,Exited,0,False,False,True,False,False,Unknown,2,False,0,4,2,0,1,54,112,3291,5690,4480,2020mndu_qm93
206,0,16,3,1,1,15,31,0,45,Hang,None,Park,IsLevel,0,0,Exited,Exited,Exited,0,False,False,True,False,False,Unknown,1,False,1,30,6,0,12,75,106,6453,3100,3754,2020mndu_qm94
207,0,36,0,0,9,15,51,0,65,None,Hang,Hang,IsLevel,0,15,Exited,Exited,Exited,3,False,True,True,False,False,Unknown,2,False,0,35,0,1,16,100,166,93,2823,1816,2020mndu_qm94
208,0,12,0,0,3,15,27,0,65,None,Hang,Hang,IsLevel,0,15,Exited,Exited,Exited,3,False,True,True,False,False,Unknown,2,False,1,16,1,1,6,81,123,7068,5653,8416,2020mndu_qm95
209,0,10,0,1,1,10,20,0,30,None,Park,Hang,NotLevel,0,15,None,Exited,Exited,0,False,False,False,False,False,Unknown,1,False,1,4,2,0,1,34,69,6047,5290,3134,2020mndu_qm95
210,0,18,3,0,3,15,33,0,10,Park,Park,None,IsLevel,0,15,Exited,Exited,Exited,0,False,False,True,False,False,Unknown,0,False,1,18,0,0,9,28,76,7797,5991,4511,2020mndu_sf1m1
211,0,42,0,1,9,15,57,0,90,Hang,Hang,Hang,IsLevel,0,15,Exited,Exited,Exited,0,False,False,True,False,False,Unknown,3,False,1,28,0,2,11,118,190,167,1816,5464,2020mndu_sf1m1
212,0,14,3,0,2,15,29,0,65,Hang,Hang,None,IsLevel,1,0,Exited,Exited,Exited,0,False,False,True,False,False,Unknown,2,False,1,22,0,2,8,87,116,7797,5991,4511,2020mndu_sf1m2
213,0,38,0,1,8,15,53,0,55,Hang,Hang,Park,NotLevel,0,18,Exited,Exited,Exited,0,False,False,True,False,False,Unknown,2,False,0,22,0,0,11,77,148,167,1816,5464,2020mndu_sf1m2
214,0,38,1,2,6,15,53,0,35,Park,Park,Hang,NotLevel,1,0,Exited,Exited,Exited,0,False,False,True,False,False,Unknown,1,False,0,29,0,1,13,64,117,4728,5348,2526,2020mndu_sf2m1
215,0,22,0,1,4,15,37,0,90,Hang,Hang,Hang,IsLevel,0,3,Exited,Exited,Exited,0,False,False,True,False,False,Unknown,3,False,0,12,0,0,6,102,142,5690,6022,6217,2020mndu_sf2m1
216,0,32,1,1,6,15,47,0,50,Park,Park,Hang,IsLevel,0,6,Exited,Exited,Exited,0,False,False,True,False,False,Unknown,1,False,0,24,0,0,12,74,127,4728,5348,2526,2020mndu_sf2m2
217,0,32,0,0,8,15,47,0,50,Park,Hang,Park,IsLevel,2,0,Exited,Exited,Exited,0,False,False,True,False,False,Unknown,1,False,0,17,1,0,8,67,114,5690,6022,6217,2020mndu_sf2m2
218,0,26,0,1,5,15,41,0,55,Park,Hang,Hang,NotLevel,0,0,Exited,Exited,Exited,0,False,False,True,False,False,Unknown,2,False,0,22,0,0,11,77,118,4728,5348,2526,2020mndu_sf2m3
219,0,20,0,0,5,15,35,0,55,Park,Hang,Hang,NotLevel,0,0,Exited,Exited,Exited,0,False,False,True,False,False,Unknown,2,False,0,8,0,0,4,63,98,5690,6022,7041,2020mndu_sf2m3
